-- MySQL dump 10.13  Distrib 5.1.61, for redhat-linux-gnu (x86_64)
--
-- Host: localhost    Database: SAVOIR
-- ------------------------------------------------------
-- Server version	5.1.61

/*!40101 SET @OLD_CHARACTER_SET_CLIENT=@@CHARACTER_SET_CLIENT */;
/*!40101 SET @OLD_CHARACTER_SET_RESULTS=@@CHARACTER_SET_RESULTS */;
/*!40101 SET @OLD_COLLATION_CONNECTION=@@COLLATION_CONNECTION */;
/*!40101 SET NAMES utf8 */;
/*!40103 SET @OLD_TIME_ZONE=@@TIME_ZONE */;
/*!40103 SET TIME_ZONE='+00:00' */;
/*!40014 SET @OLD_UNIQUE_CHECKS=@@UNIQUE_CHECKS, UNIQUE_CHECKS=0 */;
/*!40014 SET @OLD_FOREIGN_KEY_CHECKS=@@FOREIGN_KEY_CHECKS, FOREIGN_KEY_CHECKS=0 */;
/*!40101 SET @OLD_SQL_MODE=@@SQL_MODE, SQL_MODE='NO_AUTO_VALUE_ON_ZERO' */;
/*!40111 SET @OLD_SQL_NOTES=@@SQL_NOTES, SQL_NOTES=0 */;

--
-- Current Database: `SAVOIR`
--

CREATE DATABASE /*!32312 IF NOT EXISTS*/ `SAVOIR` /*!40100 DEFAULT CHARACTER SET latin1 */;

USE `SAVOIR`;

--
-- Table structure for table `CALENDAR`
--

DROP TABLE IF EXISTS `CALENDAR`;
/*!40101 SET @saved_cs_client     = @@character_set_client */;
/*!40101 SET character_set_client = utf8 */;
CREATE TABLE `CALENDAR` (
  `CALENDAR_ID` int(11) NOT NULL AUTO_INCREMENT,
  `SESSION_ID` int(11) DEFAULT NULL,
  `RESOURCE_ID` int(11) DEFAULT NULL,
  `PERSON_ID` int(11) DEFAULT NULL,
  `START_TIME` datetime DEFAULT NULL,
  `END_TIME` datetime DEFAULT NULL,
  PRIMARY KEY (`CALENDAR_ID`),
  KEY `fk_CALENDAR_SESSION` (`SESSION_ID`),
  KEY `fk_CALENDAR_RESOURCE` (`RESOURCE_ID`),
  KEY `fk_CALENDAR_PEOPLE` (`PERSON_ID`),
  CONSTRAINT `fk_CALENDAR_PEOPLE` FOREIGN KEY (`PERSON_ID`) REFERENCES `PERSON` (`PERSON_ID`) ON DELETE CASCADE ON UPDATE CASCADE,
  CONSTRAINT `fk_CALENDAR_RESOURCE` FOREIGN KEY (`RESOURCE_ID`) REFERENCES `RESOURCE` (`RESOURCE_ID`) ON DELETE CASCADE ON UPDATE CASCADE,
  CONSTRAINT `fk_CALENDAR_SESSION` FOREIGN KEY (`SESSION_ID`) REFERENCES `SESSION` (`SESSION_ID`) ON DELETE CASCADE ON UPDATE CASCADE
) ENGINE=InnoDB DEFAULT CHARSET=latin1;
/*!40101 SET character_set_client = @saved_cs_client */;

--
-- Dumping data for table `CALENDAR`
--

LOCK TABLES `CALENDAR` WRITE;
/*!40000 ALTER TABLE `CALENDAR` DISABLE KEYS */;
/*!40000 ALTER TABLE `CALENDAR` ENABLE KEYS */;
UNLOCK TABLES;

--
-- Table structure for table `CONNECTION`
--

DROP TABLE IF EXISTS `CONNECTION`;
/*!40101 SET @saved_cs_client     = @@character_set_client */;
/*!40101 SET character_set_client = utf8 */;
CREATE TABLE `CONNECTION` (
  `CONNECTION_ID` int(11) NOT NULL AUTO_INCREMENT,
  `SESSION_ID` int(11) NOT NULL,
  `SOURCE_END_POINT` int(11) NOT NULL,
  `TARGET_END_POINT` int(11) NOT NULL,
  `DIRECTIONALITY` varchar(10) NOT NULL,
  `BW_REQUIREMENT` double DEFAULT NULL,
  `MIN_BW_REQUIREMENT` double DEFAULT NULL,
  `LP_FLAG` tinyint(1) NOT NULL DEFAULT '0',
  `NETWORK_RESOURCE` int(11) DEFAULT NULL,
  PRIMARY KEY (`CONNECTION_ID`),
  KEY `fk_CONNECTION_SESSION` (`SESSION_ID`),
  KEY `fk_CONNECTION_SOURCE` (`SOURCE_END_POINT`),
  KEY `fk_CONNECTION_TARGET` (`TARGET_END_POINT`),
  KEY `fk_CONNECTION_NRESOURCE` (`NETWORK_RESOURCE`),
  CONSTRAINT `fk_CONNECTION_NRESOURCE` FOREIGN KEY (`NETWORK_RESOURCE`) REFERENCES `RESOURCE` (`RESOURCE_ID`) ON DELETE CASCADE ON UPDATE CASCADE,
  CONSTRAINT `fk_CONNECTION_SESSION` FOREIGN KEY (`SESSION_ID`) REFERENCES `SESSION` (`SESSION_ID`) ON DELETE CASCADE ON UPDATE CASCADE,
  CONSTRAINT `fk_CONNECTION_SOURCE` FOREIGN KEY (`SOURCE_END_POINT`) REFERENCES `END_POINT` (`END_POINT_ID`) ON DELETE CASCADE ON UPDATE CASCADE,
  CONSTRAINT `fk_CONNECTION_TARGET` FOREIGN KEY (`TARGET_END_POINT`) REFERENCES `END_POINT` (`END_POINT_ID`) ON DELETE CASCADE ON UPDATE CASCADE
) ENGINE=InnoDB DEFAULT CHARSET=latin1;
/*!40101 SET character_set_client = @saved_cs_client */;

--
-- Dumping data for table `CONNECTION`
--

LOCK TABLES `CONNECTION` WRITE;
/*!40000 ALTER TABLE `CONNECTION` DISABLE KEYS */;
/*!40000 ALTER TABLE `CONNECTION` ENABLE KEYS */;
UNLOCK TABLES;

--
-- Table structure for table `CREDENTIAL`
--

DROP TABLE IF EXISTS `CREDENTIAL`;
/*!40101 SET @saved_cs_client     = @@character_set_client */;
/*!40101 SET character_set_client = utf8 */;
CREATE TABLE `CREDENTIAL` (
  `CREDENTIAL_ID` int(11) NOT NULL AUTO_INCREMENT,
  `DESCRIPTION` varchar(400) DEFAULT NULL,
  PRIMARY KEY (`CREDENTIAL_ID`)
) ENGINE=InnoDB AUTO_INCREMENT=3 DEFAULT CHARSET=latin1;
/*!40101 SET character_set_client = @saved_cs_client */;

--
-- Dumping data for table `CREDENTIAL`
--

LOCK TABLES `CREDENTIAL` WRITE;
/*!40000 ALTER TABLE `CREDENTIAL` DISABLE KEYS */;
INSERT INTO `CREDENTIAL` VALUES (2,'Empty Credential');
/*!40000 ALTER TABLE `CREDENTIAL` ENABLE KEYS */;
UNLOCK TABLES;

--
-- Table structure for table `CREDENTIAL_PARAMETER`
--

DROP TABLE IF EXISTS `CREDENTIAL_PARAMETER`;
/*!40101 SET @saved_cs_client     = @@character_set_client */;
/*!40101 SET character_set_client = utf8 */;
CREATE TABLE `CREDENTIAL_PARAMETER` (
  `CREDENTIAL_ID` int(11) NOT NULL,
  `PARAMETER_ID` char(45) NOT NULL,
  `PARAMETER_VALUE` varchar(500) NOT NULL,
  KEY `fk_CREDENTIAL_PARAMETER_CREDENTIAL` (`CREDENTIAL_ID`),
  KEY `fk_CREDENTIAL_PARAMETER_PARAMETER` (`PARAMETER_ID`),
  CONSTRAINT `fk_CREDENTIAL_PARAMETER_CREDENTIAL` FOREIGN KEY (`CREDENTIAL_ID`) REFERENCES `CREDENTIAL` (`CREDENTIAL_ID`) ON DELETE CASCADE ON UPDATE CASCADE,
  CONSTRAINT `fk_CREDENTIAL_PARAMETER_PARAMETER` FOREIGN KEY (`PARAMETER_ID`) REFERENCES `PARAMETER` (`PARAMETER_ID`) ON DELETE CASCADE ON UPDATE CASCADE
) ENGINE=InnoDB DEFAULT CHARSET=latin1;
/*!40101 SET character_set_client = @saved_cs_client */;

--
-- Dumping data for table `CREDENTIAL_PARAMETER`
--

LOCK TABLES `CREDENTIAL_PARAMETER` WRITE;
/*!40000 ALTER TABLE `CREDENTIAL_PARAMETER` DISABLE KEYS */;
/*!40000 ALTER TABLE `CREDENTIAL_PARAMETER` ENABLE KEYS */;
UNLOCK TABLES;

--
-- Table structure for table `CREDENTIAL_SCHEMA`
--

DROP TABLE IF EXISTS `CREDENTIAL_SCHEMA`;
/*!40101 SET @saved_cs_client     = @@character_set_client */;
/*!40101 SET character_set_client = utf8 */;
CREATE TABLE `CREDENTIAL_SCHEMA` (
  `CREDENTIAL_SCHEMA_ID` int(11) NOT NULL,
  `DESCRIPTION` varchar(400) DEFAULT NULL,
  PRIMARY KEY (`CREDENTIAL_SCHEMA_ID`)
) ENGINE=InnoDB DEFAULT CHARSET=latin1;
/*!40101 SET character_set_client = @saved_cs_client */;

--
-- Dumping data for table `CREDENTIAL_SCHEMA`
--

LOCK TABLES `CREDENTIAL_SCHEMA` WRITE;
/*!40000 ALTER TABLE `CREDENTIAL_SCHEMA` DISABLE KEYS */;
INSERT INTO `CREDENTIAL_SCHEMA` VALUES (1,'Empty Credential'),(2,'Username and Password'),(3,'Username Only'),(4,'Optional Username and Password');
/*!40000 ALTER TABLE `CREDENTIAL_SCHEMA` ENABLE KEYS */;
UNLOCK TABLES;

--
-- Table structure for table `CREDENTIAL_SCHEMA_PARAMETER`
--

DROP TABLE IF EXISTS `CREDENTIAL_SCHEMA_PARAMETER`;
/*!40101 SET @saved_cs_client     = @@character_set_client */;
/*!40101 SET character_set_client = utf8 */;
CREATE TABLE `CREDENTIAL_SCHEMA_PARAMETER` (
  `CREDENTIAL_SCHEMA_ID` int(11) NOT NULL,
  `PARAMETER_ID` char(45) NOT NULL,
  `IS_REQUIRED` tinyint(1) NOT NULL,
  `ALLOW_MULTIPLE` tinyint(1) NOT NULL,
  KEY `fk_CREDENTIAL_SCHEMA_PARAMETER_SCHEMA` (`CREDENTIAL_SCHEMA_ID`),
  KEY `fk_CREDENTIAL_SCHEMA_PARARAMETER_PARAMETER` (`PARAMETER_ID`),
  CONSTRAINT `fk_CREDENTIAL_SCHEMA_PARAMETER_SCHEMA` FOREIGN KEY (`CREDENTIAL_SCHEMA_ID`) REFERENCES `CREDENTIAL_SCHEMA` (`CREDENTIAL_SCHEMA_ID`) ON DELETE CASCADE ON UPDATE CASCADE,
  CONSTRAINT `fk_CREDENTIAL_SCHEMA_PARARAMETER_PARAMETER` FOREIGN KEY (`PARAMETER_ID`) REFERENCES `PARAMETER` (`PARAMETER_ID`) ON DELETE CASCADE ON UPDATE CASCADE
) ENGINE=InnoDB DEFAULT CHARSET=latin1;
/*!40101 SET character_set_client = @saved_cs_client */;

--
-- Dumping data for table `CREDENTIAL_SCHEMA_PARAMETER`
--

LOCK TABLES `CREDENTIAL_SCHEMA_PARAMETER` WRITE;
/*!40000 ALTER TABLE `CREDENTIAL_SCHEMA_PARAMETER` DISABLE KEYS */;
INSERT INTO `CREDENTIAL_SCHEMA_PARAMETER` VALUES (2,'USERNAME',1,0),(2,'PASSWORD',1,0),(3,'USERNAME',1,0),(4,'USERNAME',0,0),(4,'PASSWORD',0,0);
/*!40000 ALTER TABLE `CREDENTIAL_SCHEMA_PARAMETER` ENABLE KEYS */;
UNLOCK TABLES;

--
-- Table structure for table `DOMAIN`
--

DROP TABLE IF EXISTS `DOMAIN`;
/*!40101 SET @saved_cs_client     = @@character_set_client */;
/*!40101 SET character_set_client = utf8 */;
CREATE TABLE `DOMAIN` (
  `DOMAIN_ID` int(11) NOT NULL AUTO_INCREMENT,
  `DOMAIN_NAME` varchar(45) NOT NULL,
  `DOMAIN_URL` varchar(100) DEFAULT NULL,
  `DOMAIN_KEY` varchar(45) DEFAULT NULL,
  `RULE_ENGINE_ID` int(11) DEFAULT NULL,
  PRIMARY KEY (`DOMAIN_ID`),
  KEY `fk_DOMAIN_RULE_ENGINE_ID` (`RULE_ENGINE_ID`),
  CONSTRAINT `fk_DOMAIN_RULE_ENGINE_ID` FOREIGN KEY (`RULE_ENGINE_ID`) REFERENCES `RULE_ENGINE` (`RULE_ENGINE_ID`) ON DELETE NO ACTION ON UPDATE NO ACTION
) ENGINE=InnoDB DEFAULT CHARSET=latin1;
/*!40101 SET character_set_client = @saved_cs_client */;

--
-- Dumping data for table `DOMAIN`
--

LOCK TABLES `DOMAIN` WRITE;
/*!40000 ALTER TABLE `DOMAIN` DISABLE KEYS */;
/*!40000 ALTER TABLE `DOMAIN` ENABLE KEYS */;
UNLOCK TABLES;

--
-- Table structure for table `END_POINT`
--

DROP TABLE IF EXISTS `END_POINT`;
/*!40101 SET @saved_cs_client     = @@character_set_client */;
/*!40101 SET character_set_client = utf8 */;
CREATE TABLE `END_POINT` (
  `END_POINT_ID` int(11) NOT NULL AUTO_INCREMENT,
  `RESOURCE_ID` int(11) DEFAULT NULL,
  `PERSON_ID` int(11) DEFAULT NULL,
  `END_POINT_TYPE` varchar(10) DEFAULT NULL,
  `NETWORK_END_POINT` int(11) DEFAULT NULL,
  PRIMARY KEY (`END_POINT_ID`),
  KEY `fk_ENDPOINT_RESOURCE` (`RESOURCE_ID`),
  KEY `fk_ENDPOINT_PERSON` (`PERSON_ID`),
  KEY `fk_ENDPOINT_NETWORK` (`NETWORK_END_POINT`),
  CONSTRAINT `fk_ENDPOINT_NETWORK` FOREIGN KEY (`NETWORK_END_POINT`) REFERENCES `RESOURCE` (`RESOURCE_ID`) ON DELETE NO ACTION ON UPDATE NO ACTION,
  CONSTRAINT `fk_ENDPOINT_PERSON` FOREIGN KEY (`PERSON_ID`) REFERENCES `PERSON` (`PERSON_ID`) ON DELETE NO ACTION ON UPDATE NO ACTION,
  CONSTRAINT `fk_ENDPOINT_RESOURCE` FOREIGN KEY (`RESOURCE_ID`) REFERENCES `RESOURCE` (`RESOURCE_ID`) ON DELETE NO ACTION ON UPDATE NO ACTION
) ENGINE=InnoDB DEFAULT CHARSET=latin1;
/*!40101 SET character_set_client = @saved_cs_client */;

--
-- Dumping data for table `END_POINT`
--

LOCK TABLES `END_POINT` WRITE;
/*!40000 ALTER TABLE `END_POINT` DISABLE KEYS */;
/*!40000 ALTER TABLE `END_POINT` ENABLE KEYS */;
UNLOCK TABLES;

--
-- Table structure for table `GROUP`
--

DROP TABLE IF EXISTS `GROUP`;
/*!40101 SET @saved_cs_client     = @@character_set_client */;
/*!40101 SET character_set_client = utf8 */;
CREATE TABLE `GROUP` (
  `GROUP_ID` int(11) NOT NULL AUTO_INCREMENT,
  `GROUP_NAME` char(60) NOT NULL DEFAULT '',
  `DESCRIPTION` varchar(400) NOT NULL DEFAULT '',
  PRIMARY KEY (`GROUP_ID`)
) ENGINE=InnoDB AUTO_INCREMENT=2 DEFAULT CHARSET=latin1;
/*!40101 SET character_set_client = @saved_cs_client */;

--
-- Dumping data for table `GROUP`
--

LOCK TABLES `GROUP` WRITE;
/*!40000 ALTER TABLE `GROUP` DISABLE KEYS */;
INSERT INTO `GROUP` VALUES (1,'SYSADMIN','Special system administration group');
/*!40000 ALTER TABLE `GROUP` ENABLE KEYS */;
UNLOCK TABLES;

--
-- Table structure for table `PARAMETER`
--

DROP TABLE IF EXISTS `PARAMETER`;
/*!40101 SET @saved_cs_client     = @@character_set_client */;
/*!40101 SET character_set_client = utf8 */;
CREATE TABLE `PARAMETER` (
  `PARAMETER_ID` char(45) NOT NULL,
  `PARAMETER_NAME` char(100) NOT NULL,
  `PARAMETER_DESCRIPTION` char(100) DEFAULT NULL,
  PRIMARY KEY (`PARAMETER_ID`)
) ENGINE=InnoDB DEFAULT CHARSET=latin1;
/*!40101 SET character_set_client = @saved_cs_client */;

--
-- Dumping data for table `PARAMETER`
--

LOCK TABLES `PARAMETER` WRITE;
/*!40000 ALTER TABLE `PARAMETER` DISABLE KEYS */;
INSERT INTO `PARAMETER` VALUES ('ACTIVITY_ID','Activity ID','Session-specific activity ID for resource'),('ACTIVITY_NAME','Activity Name','Activity name for session-specific parameter'),('ARG_STRING','Argument String','Generic ED-parsed argument string'),('BW_PROVIDED','Bandwidth','Bandwidth provided by the endpoint'),('CHRONOS_HOST','Host IP address',''),('CHRONOS_ORGANIZATION','Organisation',''),('CHRONOS_RESERVATION_ID','Reservation ID','ID of the reservation in Chronos'),('CONNECTED_IP','IP address','IP address of a host connected to the endpoint'),('CONNECTED_MAC','MAC address','MAC address of an interface of a host connected to the endpoint'),('CURRENT_STATUS','x',''),('DOWNLOAD_URL','Download URL (link)','URL link to do a direct download of the client software'),('ENTRY_ID','ID','ID of an entry in the database'),('HARMONY_RESERVATION_ID','Reservation ID','ID of the reservation in Harmony'),('IP_ADDRESS','IP address',''),('LIGHTPATH_BW','Bandwidth','Bandwidth of the lightpath'),('LIGHTPATH_DEST','Destination','Destination of the end-to-end connection'),('LIGHTPATH_SOURCE','Source','Source of the end-to-end connection'),('LOG_DIR','x',''),('LP_ADDRESS','x',''),('LP_APN_EPR','Resource Key','resource key of an APN in Argia'),('LP_APN_ORGANIZATION','Organisation of the user',''),('LP_APN_PASSWORD','Password',''),('LP_APN_USER','Argia User',''),('LP_CONNECTION_ID','Connection','ID of the connection'),('LP_CONNECTION_SC','Scenario','Scenario that the connection belongs to'),('LP_END_POINT_CONN','Connection','Connection that the endpoint is part of'),('LP_END_POINT_ID','ID','ID of the endpoint'),('LP_END_POINT_SWITCH_ID','Switch ID','ID of the network switch'),('LP_SCENARIO_APN','APN','APN the scenario belongs to'),('LP_SCENARIO_ID','ID','ID of the scenario'),('MAX_BW_REQ','Max. Bw. Requirement (Mbps)','Maximum Bandwidth Requirement in Mbps'),('MAX_SIM_CONN','Maximum sim. conn.','Maximum number of simultaneous connections a resource can be part of.'),('MIN_BW_REQ','Min. Bw. Requirement (Mbps)','Minimum Bandwidth Requirement in Mbps'),('PASSWORD','Password','Any device'),('PORT','Port Number',''),('PROTOCOL','Transport Protocol','Transport-layer protocol used to communicate with the device'),('SERVICE_IP_ADDRESS','IP Address','IP address of device Bus Interface'),('SERVICE_PORT_NUMBER','TCP Port','TCP port of device Bus Interface'),('SERVICE_TOPIC','JMS Topic','JMS topic to send to device Bus Interface'),('SERVICE_URI','Service URI','URI to reach an edge service at'),('SITE_LOCATION','Physical Location','physical location e.g city name'),('SITE_NAME','Site name','the name of the site'),('URL','URL','Universal Resource Locator'),('USERNAME','Username','Any device');
/*!40000 ALTER TABLE `PARAMETER` ENABLE KEYS */;
UNLOCK TABLES;

--
-- Table structure for table `PERSON`
--

DROP TABLE IF EXISTS `PERSON`;
/*!40101 SET @saved_cs_client     = @@character_set_client */;
/*!40101 SET character_set_client = utf8 */;
CREATE TABLE `PERSON` (
  `PERSON_ID` int(11) NOT NULL AUTO_INCREMENT,
  `LAST_NAME` char(40) NOT NULL,
  `FIRST_NAME` char(30) NOT NULL,
  `MIDDLE_NAME` char(40) DEFAULT NULL,
  `TITLE` char(10) DEFAULT NULL,
  `EMAIL_1` char(50) DEFAULT NULL,
  `EMAIL_2` char(50) DEFAULT NULL,
  `WORK_PHONE` char(20) DEFAULT NULL,
  `CELL_PHONE` char(20) DEFAULT NULL,
  `HOME_PHONE` char(20) DEFAULT NULL,
  `ORGANIZATION` char(100) DEFAULT NULL,
  `STREET_ADDRESS` char(100) DEFAULT NULL,
  `CITY` char(30) DEFAULT NULL,
  `REGION` char(30) DEFAULT NULL,
  `COUNTRY` char(30) DEFAULT NULL,
  `POSTAL` char(10) DEFAULT NULL,
  PRIMARY KEY (`PERSON_ID`)
) ENGINE=InnoDB AUTO_INCREMENT=2 DEFAULT CHARSET=latin1;
/*!40101 SET character_set_client = @saved_cs_client */;

--
-- Dumping data for table `PERSON`
--

LOCK TABLES `PERSON` WRITE;
/*!40000 ALTER TABLE `PERSON` DISABLE KEYS */;
INSERT INTO `PERSON` VALUES (1,'Admin','System',NULL,NULL,NULL,NULL,NULL,NULL,NULL,NULL,NULL,NULL,NULL,NULL,NULL);
/*!40000 ALTER TABLE `PERSON` ENABLE KEYS */;
UNLOCK TABLES;

--
-- Table structure for table `RESOURCE`
--

DROP TABLE IF EXISTS `RESOURCE`;
/*!40101 SET @saved_cs_client     = @@character_set_client */;
/*!40101 SET character_set_client = utf8 */;
CREATE TABLE `RESOURCE` (
  `RESOURCE_ID` int(11) NOT NULL AUTO_INCREMENT,
  `RESOURCE_TYPE_ID` char(45) NOT NULL,
  `RESOURCE_NAME` varchar(128) NOT NULL DEFAULT '',
  `CONTACT_PERSON_ID` int(11) DEFAULT NULL,
  `DESCRIPTION` varchar(1024) NOT NULL DEFAULT '',
  PRIMARY KEY (`RESOURCE_ID`),
  KEY `fk_RESOURCE_RESOURCE_TYPE` (`RESOURCE_TYPE_ID`),
  KEY `fk_RESOURCE_PERSON` (`CONTACT_PERSON_ID`),
  CONSTRAINT `fk_RESOURCE_PERSON` FOREIGN KEY (`CONTACT_PERSON_ID`) REFERENCES `PERSON` (`PERSON_ID`) ON DELETE SET NULL ON UPDATE CASCADE,
  CONSTRAINT `fk_RESOURCE_RESOURCE_TYPE` FOREIGN KEY (`RESOURCE_TYPE_ID`) REFERENCES `RESOURCE_TYPE` (`RESOURCE_TYPE_ID`) ON DELETE NO ACTION ON UPDATE CASCADE
) ENGINE=InnoDB AUTO_INCREMENT=3 DEFAULT CHARSET=latin1;
/*!40101 SET character_set_client = @saved_cs_client */;

--
-- Dumping data for table `RESOURCE`
--

LOCK TABLES `RESOURCE` WRITE;
/*!40000 ALTER TABLE `RESOURCE` DISABLE KEYS */;
INSERT INTO `RESOURCE` VALUES (1,'VaderDesktop','VaderDesktop_NRC',1,'Vader desktop sample edge device'),(2,'VaderWebTutorial','VaderWebTutorial_NRC',1,'Vader web tutorial sample edge device');
/*!40000 ALTER TABLE `RESOURCE` ENABLE KEYS */;
UNLOCK TABLES;

--
-- Table structure for table `RESOURCE_CONSTRAINT`
--

DROP TABLE IF EXISTS `RESOURCE_CONSTRAINT`;
/*!40101 SET @saved_cs_client     = @@character_set_client */;
/*!40101 SET character_set_client = utf8 */;
CREATE TABLE `RESOURCE_CONSTRAINT` (
  `RESOURCE_CONSTRAINT_ID` char(45) NOT NULL,
  `RESOURCE_ID` int(11) NOT NULL,
  `PARAMETER_ID` char(45) DEFAULT NULL COMMENT 'a NULL indicates that the constraint is on the resource and not on a specific parameter',
  `CONFIG_ARGS` varchar(500) DEFAULT NULL,
  PRIMARY KEY (`RESOURCE_CONSTRAINT_ID`),
  KEY `fk_RESOURCE_ID` (`RESOURCE_ID`),
  KEY `fk_PARAMETER_ID` (`PARAMETER_ID`),
  CONSTRAINT `fk_PARAMETER_ID` FOREIGN KEY (`PARAMETER_ID`) REFERENCES `PARAMETER` (`PARAMETER_ID`) ON DELETE NO ACTION ON UPDATE NO ACTION,
  CONSTRAINT `fk_RESOURCE_ID` FOREIGN KEY (`RESOURCE_ID`) REFERENCES `RESOURCE` (`RESOURCE_ID`) ON DELETE NO ACTION ON UPDATE NO ACTION
) ENGINE=InnoDB DEFAULT CHARSET=latin1;
/*!40101 SET character_set_client = @saved_cs_client */;

--
-- Dumping data for table `RESOURCE_CONSTRAINT`
--

LOCK TABLES `RESOURCE_CONSTRAINT` WRITE;
/*!40000 ALTER TABLE `RESOURCE_CONSTRAINT` DISABLE KEYS */;
/*!40000 ALTER TABLE `RESOURCE_CONSTRAINT` ENABLE KEYS */;
UNLOCK TABLES;

--
-- Table structure for table `RESOURCE_CREDENTIAL_SCHEMA`
--

DROP TABLE IF EXISTS `RESOURCE_CREDENTIAL_SCHEMA`;
/*!40101 SET @saved_cs_client     = @@character_set_client */;
/*!40101 SET character_set_client = utf8 */;
CREATE TABLE `RESOURCE_CREDENTIAL_SCHEMA` (
  `RESOURCE_ID` int(11) NOT NULL,
  `CREDENTIAL_SCHEMA_ID` int(11) NOT NULL,
  PRIMARY KEY (`RESOURCE_ID`),
  KEY `fk_RESOURCE_CREDENTIAL_SCHEMA_SCHEMA` (`CREDENTIAL_SCHEMA_ID`),
  CONSTRAINT `fk_RESOURCE_CREDENTIAL_SCHEMA_RESOURCE` FOREIGN KEY (`RESOURCE_ID`) REFERENCES `RESOURCE` (`RESOURCE_ID`) ON DELETE CASCADE ON UPDATE CASCADE,
  CONSTRAINT `fk_RESOURCE_CREDENTIAL_SCHEMA_SCHEMA` FOREIGN KEY (`CREDENTIAL_SCHEMA_ID`) REFERENCES `CREDENTIAL_SCHEMA` (`CREDENTIAL_SCHEMA_ID`) ON DELETE CASCADE ON UPDATE CASCADE
) ENGINE=InnoDB DEFAULT CHARSET=latin1;
/*!40101 SET character_set_client = @saved_cs_client */;

--
-- Dumping data for table `RESOURCE_CREDENTIAL_SCHEMA`
--

LOCK TABLES `RESOURCE_CREDENTIAL_SCHEMA` WRITE;
/*!40000 ALTER TABLE `RESOURCE_CREDENTIAL_SCHEMA` DISABLE KEYS */;
INSERT INTO `RESOURCE_CREDENTIAL_SCHEMA` VALUES (1,1),(2,1);
/*!40000 ALTER TABLE `RESOURCE_CREDENTIAL_SCHEMA` ENABLE KEYS */;
UNLOCK TABLES;

--
-- Table structure for table `RESOURCE_PARAMETER`
--

DROP TABLE IF EXISTS `RESOURCE_PARAMETER`;
/*!40101 SET @saved_cs_client     = @@character_set_client */;
/*!40101 SET character_set_client = utf8 */;
CREATE TABLE `RESOURCE_PARAMETER` (
  `RESOURCE_PARAMETER_ID` int(11) NOT NULL AUTO_INCREMENT,
  `RESOURCE_ID` int(11) NOT NULL,
  `PARAMETER_ID` char(45) NOT NULL,
  `PARAMETER_VALUE` varchar(500) NOT NULL,
  `SESSION_ID` int(11) DEFAULT '0' COMMENT 'When the SESSION_ID is 0, the parameter_value pair shows the default value. ',
  PRIMARY KEY (`RESOURCE_PARAMETER_ID`),
  KEY `fk_RESOURCE_PARAMETER_RESOURCE` (`RESOURCE_ID`),
  KEY `fk_RESOURCE_PARAMETER_PARAMETER` (`PARAMETER_ID`),
  CONSTRAINT `fk_RESOURCE_PARAMETER_PARAMETER` FOREIGN KEY (`PARAMETER_ID`) REFERENCES `PARAMETER` (`PARAMETER_ID`) ON DELETE NO ACTION ON UPDATE NO ACTION,
  CONSTRAINT `fk_RESOURCE_PARAMETER_RESOURCE` FOREIGN KEY (`RESOURCE_ID`) REFERENCES `RESOURCE` (`RESOURCE_ID`) ON DELETE NO ACTION ON UPDATE NO ACTION
) ENGINE=InnoDB AUTO_INCREMENT=3 DEFAULT CHARSET=latin1 COMMENT='InnoDB free: 9216 kB (`PARAMETER_ID`) REFER `SAVOIR/PARA';
/*!40101 SET character_set_client = @saved_cs_client */;

--
-- Dumping data for table `RESOURCE_PARAMETER`
--

LOCK TABLES `RESOURCE_PARAMETER` WRITE;
/*!40000 ALTER TABLE `RESOURCE_PARAMETER` DISABLE KEYS */;
INSERT INTO `RESOURCE_PARAMETER` VALUES (1,1,'SERVICE_URI','jms://topic:savoir.VaderDeskTop.Outbound',0),(2,2,'SERVICE_URI','jms://topic:savoir.VaderWebTutorial.Outbound',0);
/*!40000 ALTER TABLE `RESOURCE_PARAMETER` ENABLE KEYS */;
UNLOCK TABLES;

--
-- Table structure for table `RESOURCE_TYPE`
--

DROP TABLE IF EXISTS `RESOURCE_TYPE`;
/*!40101 SET @saved_cs_client     = @@character_set_client */;
/*!40101 SET character_set_client = utf8 */;
CREATE TABLE `RESOURCE_TYPE` (
  `RESOURCE_TYPE_ID` char(45) NOT NULL,
  `RESOURCE_TYPE_NAME` char(45) NOT NULL,
  `RESOURCE_TYPE_DESCRIPTION` char(100) DEFAULT NULL,
  `RESOURCE_CLASS` char(45) DEFAULT NULL,
  PRIMARY KEY (`RESOURCE_TYPE_ID`)
) ENGINE=InnoDB DEFAULT CHARSET=latin1;
/*!40101 SET character_set_client = @saved_cs_client */;

--
-- Dumping data for table `RESOURCE_TYPE`
--

LOCK TABLES `RESOURCE_TYPE` WRITE;
/*!40000 ALTER TABLE `RESOURCE_TYPE` DISABLE KEYS */;
INSERT INTO `RESOURCE_TYPE` VALUES ('CHRONOS','Chronos','Network Reservation System','LIGHTPATH'),('CHRONOS_RESERVATION','Chronos reservation','','LIGHTPATH'),('DATA_SERVER','Data Server','Server hosting a data set','DEVICE'),('HARMONY','Harmony','Network Reservation System','LIGHTPATH'),('HARMONY_RESERVATION','Harmony reservation','','LIGHTPATH'),('LP_APN','APN Scenario','Articulated Private Network','LIGHTPATH'),('LP_CONNECTION','Connection','a connection in Argia','LIGHTPATH'),('LP_END_POINT','End point','end point of a connection in Argia','LIGHTPATH'),('LP_SCENARIO','Scenario','a scenario in Argia','LIGHTPATH'),('LP_SCENARIO_UNUSED','LP SCENARIO UNUSED','The type is used to comment out unused APN scenario from resource table','LIGHTPATH'),('REGISTRATION_PENDING','Registration Pending','INTERNAL ONLY type for EDs whose registration is not complete','INTERNAL'),('SCENARIO_RESERVATION','Scenario Reservation','','LIGHTPATH'),('Unknown','Unknown','Resource of unknown type','DEVICE'),('VaderDeskTop','Vader desktop sample device','A desktop Vader sample edge device','DEVICE'),('VaderWebTutorial','Vader web tutorial sample','A web-based Vader tutorial sample edge device','DEVICE');
/*!40000 ALTER TABLE `RESOURCE_TYPE` ENABLE KEYS */;
UNLOCK TABLES;

--
-- Table structure for table `RIGHTS`
--

DROP TABLE IF EXISTS `RIGHTS`;
/*!40101 SET @saved_cs_client     = @@character_set_client */;
/*!40101 SET character_set_client = utf8 */;
CREATE TABLE `RIGHTS` (
  `RIGHT_ID` char(45) NOT NULL,
  `DESCRIPTION` varchar(200) DEFAULT NULL,
  PRIMARY KEY (`RIGHT_ID`)
) ENGINE=InnoDB DEFAULT CHARSET=latin1;
/*!40101 SET character_set_client = @saved_cs_client */;

--
-- Dumping data for table `RIGHTS`
--

LOCK TABLES `RIGHTS` WRITE;
/*!40000 ALTER TABLE `RIGHTS` DISABLE KEYS */;
INSERT INTO `RIGHTS` VALUES ('AUDIT','Ability to access system logs for completed scenario'),('AUTHORED_RUN','Grants ability to direct scenario'),('MANAGE_GROUP','Edit the group itself'),('SCENARIO_EDIT','Grants ability to author and edit scenario'),('SCENARIO_RUN','Grants ability to run scenario'),('SESSION_EDIT','Can add notes or review instructions to completed scenario'),('UPDATE_CREDENTIALS','Management rights to the keystore of the group'),('UPDATE_MEMBERS','Manage the authorizations of users and groups on this group'),('VIEW_MEMBERS','See information on the members of this group');
/*!40000 ALTER TABLE `RIGHTS` ENABLE KEYS */;
UNLOCK TABLES;

--
-- Table structure for table `ROLE`
--

DROP TABLE IF EXISTS `ROLE`;
/*!40101 SET @saved_cs_client     = @@character_set_client */;
/*!40101 SET character_set_client = utf8 */;
CREATE TABLE `ROLE` (
  `ROLE_ID` int(11) NOT NULL AUTO_INCREMENT,
  `ROLE_NAME` char(30) NOT NULL,
  `DESCRIPTION` varchar(400) NOT NULL,
  PRIMARY KEY (`ROLE_ID`)
) ENGINE=InnoDB AUTO_INCREMENT=3 DEFAULT CHARSET=latin1;
/*!40101 SET character_set_client = @saved_cs_client */;

--
-- Dumping data for table `ROLE`
--

LOCK TABLES `ROLE` WRITE;
/*!40000 ALTER TABLE `ROLE` DISABLE KEYS */;
INSERT INTO `ROLE` VALUES (1,'Sysadmin','System administration role'),(2,'Author','Scenario author role');
/*!40000 ALTER TABLE `ROLE` ENABLE KEYS */;
UNLOCK TABLES;

--
-- Table structure for table `ROLE_RIGHTS`
--

DROP TABLE IF EXISTS `ROLE_RIGHTS`;
/*!40101 SET @saved_cs_client     = @@character_set_client */;
/*!40101 SET character_set_client = utf8 */;
CREATE TABLE `ROLE_RIGHTS` (
  `ROLE_ID` int(11) NOT NULL,
  `RIGHT_ID` char(45) NOT NULL,
  KEY `fk_ROLE_RIGHTS_ROLE` (`ROLE_ID`),
  KEY `fk_ROLE_RIGHTS_RIGHTS` (`RIGHT_ID`),
  CONSTRAINT `fk_ROLE_RIGHTS_RIGHTS` FOREIGN KEY (`RIGHT_ID`) REFERENCES `RIGHTS` (`RIGHT_ID`) ON DELETE CASCADE ON UPDATE CASCADE,
  CONSTRAINT `fk_ROLE_RIGHTS_ROLE` FOREIGN KEY (`ROLE_ID`) REFERENCES `ROLE` (`ROLE_ID`) ON DELETE CASCADE ON UPDATE CASCADE
) ENGINE=InnoDB DEFAULT CHARSET=latin1;
/*!40101 SET character_set_client = @saved_cs_client */;

--
-- Dumping data for table `ROLE_RIGHTS`
--

LOCK TABLES `ROLE_RIGHTS` WRITE;
/*!40000 ALTER TABLE `ROLE_RIGHTS` DISABLE KEYS */;
INSERT INTO `ROLE_RIGHTS` VALUES (1,'VIEW_MEMBERS'),(1,'UPDATE_MEMBERS'),(1,'MANAGE_GROUP'),(1,'UPDATE_CREDENTIALS'),(1,'SCENARIO_RUN'),(1,'AUTHORED_RUN'),(1,'SCENARIO_EDIT'),(1,'SESSION_EDIT'),(1,'AUDIT'),(2,'VIEW_MEMBERS'),(2,'UPDATE_CREDENTIALS'),(2,'SCENARIO_RUN'),(2,'AUTHORED_RUN'),(2,'SCENARIO_EDIT'),(2,'AUDIT');
/*!40000 ALTER TABLE `ROLE_RIGHTS` ENABLE KEYS */;
UNLOCK TABLES;

--
-- Table structure for table `SCENARIO`
--

DROP TABLE IF EXISTS `SCENARIO`;
/*!40101 SET @saved_cs_client     = @@character_set_client */;
/*!40101 SET character_set_client = utf8 */;
CREATE TABLE `SCENARIO` (
  `SCENARIO_ID` int(11) NOT NULL,
  `SCENARIO_XML_URI` varchar(128) NOT NULL,
  `SCENARIO_RULE_URI` varchar(128) NOT NULL,
  `SCENARIO_NAME` varchar(128) NOT NULL,
  `AUTHOR_ID` int(11) DEFAULT NULL,
  `LAST_MODIFIED` datetime NOT NULL,
  `DESCRIPTION` varchar(1024) NOT NULL DEFAULT '',
  `APN_PARAMETERS` varchar(1000) DEFAULT NULL,
  `DEVICE_NAMES` varchar(1000) NOT NULL DEFAULT '',
  PRIMARY KEY (`SCENARIO_ID`),
  KEY `fk_SCENARIO_USER` (`AUTHOR_ID`),
  CONSTRAINT `fk_SCENARIO_USER` FOREIGN KEY (`AUTHOR_ID`) REFERENCES `USER` (`USER_ID`) ON DELETE SET NULL ON UPDATE CASCADE
) ENGINE=InnoDB DEFAULT CHARSET=latin1;
/*!40101 SET character_set_client = @saved_cs_client */;

--
-- Dumping data for table `SCENARIO`
--

LOCK TABLES `SCENARIO` WRITE;
/*!40000 ALTER TABLE `SCENARIO` DISABLE KEYS */;
/*!40000 ALTER TABLE `SCENARIO` ENABLE KEYS */;
UNLOCK TABLES;

--
-- Table structure for table `SESSION`
--

DROP TABLE IF EXISTS `SESSION`;
/*!40101 SET @saved_cs_client     = @@character_set_client */;
/*!40101 SET character_set_client = utf8 */;
CREATE TABLE `SESSION` (
  `SESSION_ID` int(11) NOT NULL AUTO_INCREMENT,
  `SESSION_NAME` varchar(128) DEFAULT NULL,
  `SESSION_DESCRIPTION` varchar(1024) DEFAULT NULL,
  `USER_ID` int(11) DEFAULT NULL,
  `REQUESTED_START_TIME` datetime DEFAULT NULL,
  `REQUESTED_END_TIME` datetime DEFAULT NULL,
  `SUBMISSION_TIME` datetime DEFAULT NULL,
  `SESSION_STATUS` char(15) DEFAULT NULL,
  `SCENARIO_ID` int(11) DEFAULT NULL,
  PRIMARY KEY (`SESSION_ID`),
  KEY `fk_SESSION_USER` (`USER_ID`),
  KEY `FK_SESSION_SENARIO` (`SCENARIO_ID`) USING BTREE,
  CONSTRAINT `fk_SESSION_SCENARIO` FOREIGN KEY (`SCENARIO_ID`) REFERENCES `SCENARIO` (`SCENARIO_ID`) ON DELETE CASCADE ON UPDATE CASCADE,
  CONSTRAINT `fk_SESSION_USER` FOREIGN KEY (`USER_ID`) REFERENCES `USER` (`USER_ID`) ON DELETE CASCADE ON UPDATE CASCADE
) ENGINE=InnoDB AUTO_INCREMENT=2 DEFAULT CHARSET=latin1 ROW_FORMAT=FIXED;
/*!40101 SET character_set_client = @saved_cs_client */;

--
-- Dumping data for table `SESSION`
--

LOCK TABLES `SESSION` WRITE;
/*!40000 ALTER TABLE `SESSION` DISABLE KEYS */;
INSERT INTO `SESSION` VALUES (1,'User sysadmin Unauthorized_DefaultSession',NULL,1,'2012-07-24 16:23:13','0000-00-00 00:00:00','2012-07-24 16:23:13','RUNNING',NULL);
/*!40000 ALTER TABLE `SESSION` ENABLE KEYS */;
UNLOCK TABLES;

--
-- Table structure for table `SESSION_RELATIONSHIP`
--

DROP TABLE IF EXISTS `SESSION_RELATIONSHIP`;
/*!40101 SET @saved_cs_client     = @@character_set_client */;
/*!40101 SET character_set_client = utf8 */;
CREATE TABLE `SESSION_RELATIONSHIP` (
  `MASTER_SESSION_ID` int(11) NOT NULL,
  `SUBSESSION_ID` int(11) NOT NULL,
  PRIMARY KEY (`MASTER_SESSION_ID`,`SUBSESSION_ID`),
  KEY `SESSION_ID_FK1` (`MASTER_SESSION_ID`),
  KEY `SUB_SESSION_ID1_FK` (`SUBSESSION_ID`),
  CONSTRAINT `fk_SESSION_RELATIONSHIP_MASTER_SESSION` FOREIGN KEY (`MASTER_SESSION_ID`) REFERENCES `SESSION` (`SESSION_ID`) ON DELETE CASCADE ON UPDATE CASCADE,
  CONSTRAINT `fk_SESSION_RELATIONSHIP_SUBSESSION` FOREIGN KEY (`SUBSESSION_ID`) REFERENCES `SESSION` (`SESSION_ID`) ON DELETE CASCADE ON UPDATE CASCADE
) ENGINE=InnoDB DEFAULT CHARSET=latin1;
/*!40101 SET character_set_client = @saved_cs_client */;

--
-- Dumping data for table `SESSION_RELATIONSHIP`
--

LOCK TABLES `SESSION_RELATIONSHIP` WRITE;
/*!40000 ALTER TABLE `SESSION_RELATIONSHIP` DISABLE KEYS */;
/*!40000 ALTER TABLE `SESSION_RELATIONSHIP` ENABLE KEYS */;
UNLOCK TABLES;

--
-- Table structure for table `SESSION_RESOURCE`
--

DROP TABLE IF EXISTS `SESSION_RESOURCE`;
/*!40101 SET @saved_cs_client     = @@character_set_client */;
/*!40101 SET character_set_client = utf8 */;
CREATE TABLE `SESSION_RESOURCE` (
  `SESSION_ID` int(11) NOT NULL,
  `RESOURCE_ID` int(11) NOT NULL,
  KEY `fk_SESSION_RESOURCE_SESSION1` (`SESSION_ID`),
  KEY `fk_SESSION_RESOURCE_RESOURCE1` (`RESOURCE_ID`),
  CONSTRAINT `fk_SESSION_RESOURCE_RESOURCE1` FOREIGN KEY (`RESOURCE_ID`) REFERENCES `RESOURCE` (`RESOURCE_ID`) ON DELETE CASCADE ON UPDATE CASCADE,
  CONSTRAINT `fk_SESSION_RESOURCE_SESSION1` FOREIGN KEY (`SESSION_ID`) REFERENCES `SESSION` (`SESSION_ID`) ON DELETE CASCADE ON UPDATE CASCADE
) ENGINE=InnoDB DEFAULT CHARSET=latin1;
/*!40101 SET character_set_client = @saved_cs_client */;

--
-- Dumping data for table `SESSION_RESOURCE`
--

LOCK TABLES `SESSION_RESOURCE` WRITE;
/*!40000 ALTER TABLE `SESSION_RESOURCE` DISABLE KEYS */;
/*!40000 ALTER TABLE `SESSION_RESOURCE` ENABLE KEYS */;
UNLOCK TABLES;

--
-- Table structure for table `SITE`
--

DROP TABLE IF EXISTS `SITE`;
/*!40101 SET @saved_cs_client     = @@character_set_client */;
/*!40101 SET character_set_client = utf8 */;
CREATE TABLE `SITE` (
  `SITE_ID` int(11) NOT NULL AUTO_INCREMENT,
  `SITE_DESCRIPTION` char(100) NOT NULL,
  PRIMARY KEY (`SITE_ID`)
) ENGINE=InnoDB AUTO_INCREMENT=2 DEFAULT CHARSET=latin1;
/*!40101 SET character_set_client = @saved_cs_client */;

--
-- Dumping data for table `SITE`
--

LOCK TABLES `SITE` WRITE;
/*!40000 ALTER TABLE `SITE` DISABLE KEYS */;
INSERT INTO `SITE` VALUES (1,'No city - please set city');
/*!40000 ALTER TABLE `SITE` ENABLE KEYS */;
UNLOCK TABLES;

--
-- Table structure for table `SUBGROUP_GROUP`
--

DROP TABLE IF EXISTS `SUBGROUP_GROUP`;
/*!40101 SET @saved_cs_client     = @@character_set_client */;
/*!40101 SET character_set_client = utf8 */;
CREATE TABLE `SUBGROUP_GROUP` (
  `SUBGROUP_ID` int(11) NOT NULL,
  `GROUP_ID` int(11) NOT NULL,
  `ROLE_ID` int(11) NOT NULL,
  `IS_SUBGROUP` tinyint(1) NOT NULL,
  KEY `fk_SUBGROUP_GROUP_SUPERGROUP1` (`GROUP_ID`),
  KEY `fk_SUBGROUP_GROUP_SUBGROUP1` (`SUBGROUP_ID`),
  KEY `fk_SUBGROUP_GROUP_ROLE1` (`ROLE_ID`),
  CONSTRAINT `fk_SUBGROUP_GROUP_ROLE1` FOREIGN KEY (`ROLE_ID`) REFERENCES `ROLE` (`ROLE_ID`) ON DELETE CASCADE ON UPDATE CASCADE,
  CONSTRAINT `fk_SUBGROUP_GROUP_SUBGROUP1` FOREIGN KEY (`SUBGROUP_ID`) REFERENCES `GROUP` (`GROUP_ID`) ON DELETE CASCADE ON UPDATE CASCADE,
  CONSTRAINT `fk_SUBGROUP_GROUP_SUPERGROUP1` FOREIGN KEY (`GROUP_ID`) REFERENCES `GROUP` (`GROUP_ID`) ON DELETE CASCADE ON UPDATE CASCADE
) ENGINE=InnoDB DEFAULT CHARSET=latin1;
/*!40101 SET character_set_client = @saved_cs_client */;

--
-- Dumping data for table `SUBGROUP_GROUP`
--

LOCK TABLES `SUBGROUP_GROUP` WRITE;
/*!40000 ALTER TABLE `SUBGROUP_GROUP` DISABLE KEYS */;
/*!40000 ALTER TABLE `SUBGROUP_GROUP` ENABLE KEYS */;
UNLOCK TABLES;

--
-- Table structure for table `USER`
--

DROP TABLE IF EXISTS `USER`;
/*!40101 SET @saved_cs_client     = @@character_set_client */;
/*!40101 SET character_set_client = utf8 */;
CREATE TABLE `USER` (
  `USER_ID` int(11) NOT NULL AUTO_INCREMENT,
  `DISTINGUISHED_NAME` char(150) CHARACTER SET latin1 COLLATE latin1_bin NOT NULL,
  `SAVOIR_PASSWORD` char(64) CHARACTER SET latin1 COLLATE latin1_bin NOT NULL,
  `BEGIN_TIME` datetime NOT NULL,
  `END_TIME` datetime NOT NULL,
  `PERSON_ID` int(11) DEFAULT NULL,
  `SITE_ID` int(11) DEFAULT NULL,
  `ROLE_ID` int(10) unsigned NOT NULL DEFAULT '1',
  PRIMARY KEY (`USER_ID`),
  KEY `fk_USER_SITE1` (`SITE_ID`),
  KEY `fk_USER_PEOPLE1` (`PERSON_ID`),
  CONSTRAINT `fk_USER_PEOPLE1` FOREIGN KEY (`PERSON_ID`) REFERENCES `PERSON` (`PERSON_ID`) ON DELETE CASCADE ON UPDATE CASCADE,
  CONSTRAINT `fk_USER_SITE1` FOREIGN KEY (`SITE_ID`) REFERENCES `SITE` (`SITE_ID`) ON DELETE CASCADE ON UPDATE CASCADE
) ENGINE=InnoDB AUTO_INCREMENT=2 DEFAULT CHARSET=latin1;
/*!40101 SET character_set_client = @saved_cs_client */;

--
-- Dumping data for table `USER`
--

LOCK TABLES `USER` WRITE;
/*!40000 ALTER TABLE `USER` DISABLE KEYS */;
INSERT INTO `USER` VALUES (1,'sysadmin','%sav278Admin*','1900-01-01 00:00:00','2019-12-31 23:59:59',1,1,1);
/*!40000 ALTER TABLE `USER` ENABLE KEYS */;
UNLOCK TABLES;

--
-- Table structure for table `USER_GROUP`
--

DROP TABLE IF EXISTS `USER_GROUP`;
/*!40101 SET @saved_cs_client     = @@character_set_client */;
/*!40101 SET character_set_client = utf8 */;
CREATE TABLE `USER_GROUP` (
  `USER_ID` int(11) NOT NULL,
  `GROUP_ID` int(11) NOT NULL,
  `ROLE_ID` int(11) NOT NULL,
  `IS_MEMBER` tinyint(1) NOT NULL,
  `BEGIN_TIME` datetime NOT NULL,
  `END_TIME` datetime NOT NULL,
  KEY `fk_USER_GROUP_GROUP1` (`GROUP_ID`),
  KEY `fk_USER_GROUP_USER1` (`USER_ID`),
  KEY `fk_USER_GROUP_ROLE1` (`ROLE_ID`),
  CONSTRAINT `fk_USER_GROUP_GROUP1` FOREIGN KEY (`GROUP_ID`) REFERENCES `GROUP` (`GROUP_ID`) ON DELETE CASCADE ON UPDATE CASCADE,
  CONSTRAINT `fk_USER_GROUP_ROLE1` FOREIGN KEY (`ROLE_ID`) REFERENCES `ROLE` (`ROLE_ID`) ON DELETE CASCADE ON UPDATE CASCADE,
  CONSTRAINT `fk_USER_GROUP_USER1` FOREIGN KEY (`USER_ID`) REFERENCES `USER` (`USER_ID`) ON DELETE CASCADE ON UPDATE CASCADE
) ENGINE=InnoDB DEFAULT CHARSET=latin1;
/*!40101 SET character_set_client = @saved_cs_client */;

--
-- Dumping data for table `USER_GROUP`
--

LOCK TABLES `USER_GROUP` WRITE;
/*!40000 ALTER TABLE `USER_GROUP` DISABLE KEYS */;
INSERT INTO `USER_GROUP` VALUES (1,1,1,1,'1900-01-01 00:00:00','2019-12-31 23:59:59');
/*!40000 ALTER TABLE `USER_GROUP` ENABLE KEYS */;
UNLOCK TABLES;

--
-- Table structure for table `USER_RESOURCE`
--

DROP TABLE IF EXISTS `USER_RESOURCE`;
/*!40101 SET @saved_cs_client     = @@character_set_client */;
/*!40101 SET character_set_client = utf8 */;
CREATE TABLE `USER_RESOURCE` (
  `RESOURCE_ID` int(11) NOT NULL,
  `USER_ID` int(11) DEFAULT NULL,
  `GROUP_ID` int(11) DEFAULT NULL,
  `CREDENTIAL_ID` int(11) NOT NULL,
  `RIGHTS` char(20) NOT NULL,
  `BEGIN_TIME` datetime NOT NULL,
  `END_TIME` datetime NOT NULL,
  KEY `fk_USER_RESOURCE_RESOURCE_Savoir` (`RESOURCE_ID`),
  KEY `fk_USER_RESOURCE_USER_Savoir` (`USER_ID`),
  KEY `fk_USER_RESOURCE_GROUP_Savoir` (`GROUP_ID`),
  KEY `fk_USER_RESOURCE_CREDENTIAL_Savoir` (`CREDENTIAL_ID`),
  CONSTRAINT `fk_USER_RESOURCE_CREDENTIAL_Savoir` FOREIGN KEY (`CREDENTIAL_ID`) REFERENCES `CREDENTIAL` (`CREDENTIAL_ID`) ON DELETE CASCADE ON UPDATE CASCADE,
  CONSTRAINT `fk_USER_RESOURCE_GROUP_Savoir` FOREIGN KEY (`GROUP_ID`) REFERENCES `GROUP` (`GROUP_ID`) ON DELETE CASCADE ON UPDATE CASCADE,
  CONSTRAINT `fk_USER_RESOURCE_RESOURCE_Savoir` FOREIGN KEY (`RESOURCE_ID`) REFERENCES `RESOURCE` (`RESOURCE_ID`) ON DELETE CASCADE ON UPDATE CASCADE,
  CONSTRAINT `fk_USER_RESOURCE_USER_Savoir` FOREIGN KEY (`USER_ID`) REFERENCES `USER` (`USER_ID`) ON DELETE CASCADE ON UPDATE CASCADE
) ENGINE=InnoDB DEFAULT CHARSET=latin1;
/*!40101 SET character_set_client = @saved_cs_client */;

--
-- Dumping data for table `USER_RESOURCE`
--

LOCK TABLES `USER_RESOURCE` WRITE;
/*!40000 ALTER TABLE `USER_RESOURCE` DISABLE KEYS */;
INSERT INTO `USER_RESOURCE` VALUES (1,NULL,NULL,2,'VUD       VUD','0000-00-00 00:00:00','0000-00-00 00:00:00'),(2,NULL,NULL,2,'VUD       VUD','0000-00-00 00:00:00','0000-00-00 00:00:00');
/*!40000 ALTER TABLE `USER_RESOURCE` ENABLE KEYS */;
UNLOCK TABLES;

--
-- Table structure for table `USER_RESOURCE_PREFERENCE`
--

DROP TABLE IF EXISTS `USER_RESOURCE_PREFERENCE`;
/*!40101 SET @saved_cs_client     = @@character_set_client */;
/*!40101 SET character_set_client = utf8 */;
CREATE TABLE `USER_RESOURCE_PREFERENCE` (
  `USER_ID` int(11) NOT NULL,
  `RESOURCE_ID` int(11) NOT NULL,
  `SELECTED` varchar(45) NOT NULL,
  KEY `FK_USER_RESOURCE_RESOURCE` (`RESOURCE_ID`),
  KEY `FK_USER_RESOURCE_USER` (`USER_ID`),
  CONSTRAINT `FK_USER_RESOURCE_RESOURCE` FOREIGN KEY (`RESOURCE_ID`) REFERENCES `RESOURCE` (`RESOURCE_ID`) ON DELETE CASCADE ON UPDATE CASCADE,
  CONSTRAINT `FK_USER_RESOURCE_USER` FOREIGN KEY (`USER_ID`) REFERENCES `USER` (`USER_ID`) ON DELETE CASCADE ON UPDATE CASCADE
) ENGINE=InnoDB DEFAULT CHARSET=latin1 COMMENT='Temp table. After crefidential is intergrated, it will repla';
/*!40101 SET character_set_client = @saved_cs_client */;

--
-- Dumping data for table `USER_RESOURCE_PREFERENCE`
--

LOCK TABLES `USER_RESOURCE_PREFERENCE` WRITE;
/*!40000 ALTER TABLE `USER_RESOURCE_PREFERENCE` DISABLE KEYS */;
INSERT INTO `USER_RESOURCE_PREFERENCE` VALUES (1,1,'MAXIMIZED'),(1,2,'MAXIMIZED');
/*!40000 ALTER TABLE `USER_RESOURCE_PREFERENCE` ENABLE KEYS */;
UNLOCK TABLES;

--
-- Table structure for table `USER_SESSION`
--

DROP TABLE IF EXISTS `USER_SESSION`;
/*!40101 SET @saved_cs_client     = @@character_set_client */;
/*!40101 SET character_set_client = utf8 */;
CREATE TABLE `USER_SESSION` (
  `SESSION_ID` int(11) NOT NULL,
  `USER_ID` int(11) DEFAULT NULL,
  `GROUP_ID` int(11) DEFAULT NULL,
  `ROLE_ID` int(11) NOT NULL,
  `PARTICIPANT_STATUS` varchar(45) DEFAULT NULL,
  KEY `fk_USER_SESSION_SESSION` (`SESSION_ID`),
  KEY `fk_USER_SESSION_USER` (`USER_ID`),
  KEY `fk_USER_SESSION_GROUP` (`GROUP_ID`),
  KEY `fk_USER_SESSION_ROLE` (`ROLE_ID`),
  CONSTRAINT `fk_USER_SESSION_GROUP` FOREIGN KEY (`GROUP_ID`) REFERENCES `GROUP` (`GROUP_ID`) ON DELETE CASCADE ON UPDATE CASCADE,
  CONSTRAINT `fk_USER_SESSION_ROLE` FOREIGN KEY (`ROLE_ID`) REFERENCES `ROLE` (`ROLE_ID`) ON DELETE CASCADE ON UPDATE CASCADE,
  CONSTRAINT `fk_USER_SESSION_SESSION` FOREIGN KEY (`SESSION_ID`) REFERENCES `SESSION` (`SESSION_ID`) ON DELETE CASCADE ON UPDATE CASCADE,
  CONSTRAINT `fk_USER_SESSION_USER` FOREIGN KEY (`USER_ID`) REFERENCES `USER` (`USER_ID`) ON DELETE CASCADE ON UPDATE CASCADE
) ENGINE=InnoDB DEFAULT CHARSET=latin1;
/*!40101 SET character_set_client = @saved_cs_client */;

--
-- Dumping data for table `USER_SESSION`
--

LOCK TABLES `USER_SESSION` WRITE;
/*!40000 ALTER TABLE `USER_SESSION` DISABLE KEYS */;
/*!40000 ALTER TABLE `USER_SESSION` ENABLE KEYS */;
UNLOCK TABLES;
/*!40103 SET TIME_ZONE=@OLD_TIME_ZONE */;

/*!40101 SET SQL_MODE=@OLD_SQL_MODE */;
/*!40014 SET FOREIGN_KEY_CHECKS=@OLD_FOREIGN_KEY_CHECKS */;
/*!40014 SET UNIQUE_CHECKS=@OLD_UNIQUE_CHECKS */;
/*!40101 SET CHARACTER_SET_CLIENT=@OLD_CHARACTER_SET_CLIENT */;
/*!40101 SET CHARACTER_SET_RESULTS=@OLD_CHARACTER_SET_RESULTS */;
/*!40101 SET COLLATION_CONNECTION=@OLD_COLLATION_CONNECTION */;
/*!40111 SET SQL_NOTES=@OLD_SQL_NOTES */;

-- Dump completed on 2013-01-29 16:32:42
